{
    "parameters": {
        "r0": {
            "Km": 20.043331857180615,
            "kcat": 5.010788715131827
        },
        "r1": {
            "Km": 49.99999994090544,
            "kcat": 2.9999999988403214,
            "Kp": 3.0
        }
    },
    "statistics": {
        "Akaike criteria": -1108.3678194639388,
        "Chi-Squared": 1.9368180790791025e-15,
        "Bayesian info criteria": -1101.3618325556279
    }
}