{
    "parameters": {
        "r0": {
            "Km": 29.36603177627079,
            "kcat": 3.390816911392385
        },
        "r1": {
            "Km": 29.999999884277635,
            "kcat": 2.378407723367964
        }
    },
    "statistics": {
        "Akaike criteria": 1.2404714536922423,
        "Chi-Squared": 23.94787907221609,
        "Bayesian info criteria": 6.845260980340864
    }
}