{
    "parameters": {
        "r0": {
            "Km": 1.5189062352048406,
            "kcat": 7.38565248783572
        },
        "r1": {
            "Km": 49.00706011199621,
            "kcat": 3.0000006081959607,
            "Kp": 0.9929707767124184
        }
    },
    "statistics": {
        "Akaike criteria": -749.6978853423267,
        "Chi-Squared": 3.01555974654105e-10,
        "Bayesian info criteria": -742.6918984340159
    }
}