{
    "parameters": {
        "r0": {
            "Km": 20.045746265473884,
            "kcat": 5.01124362121472
        },
        "r1": {
            "Km": 49.99999993699801,
            "kcat": 2.999999998678564,
            "Kp": 2.998956960433375
        }
    },
    "statistics": {
        "Akaike criteria": -1107.0170388025829,
        "Chi-Squared": 2.0260183907478185e-15,
        "Bayesian info criteria": -1100.011051894272
    }
}