{
    "parameters": {
        "r0": {
            "Km": 20.0,
            "kcat": 5.0
        },
        "r1": {
            "Km": 50.0,
            "kcat": 3.000000000000001
        }
    },
    "statistics": {
        "Akaike criteria": -1959.9700120316388,
        "Chi-Squared": 9.723830103629146e-28,
        "Bayesian info criteria": -1954.3652225049902
    }
}