{
    "parameters": {
        "r0": {
            "Km": 20.0,
            "kcat": 5.0
        },
        "r1": {
            "Km": 50.0,
            "kcat": 3.0
        }
    },
    "statistics": {
        "Akaike criteria": -1977.4208196328855,
        "Chi-Squared": 5.435143905266507e-28,
        "Bayesian info criteria": -1971.816030106237
    }
}