{
    "parameters": {
        "r0": {
            "Km": 20.0,
            "kcat": 4.999999999999999
        },
        "r1": {
            "Km": 50.0,
            "kcat": 3.0
        }
    },
    "statistics": {
        "Akaike criteria": -2002.8003440111204,
        "Chi-Squared": 2.3324094962123144e-28,
        "Bayesian info criteria": -1997.1955544844718
    }
}