{
    "parameters": {
        "r0": {
            "Km": 20.0449920327778,
            "kcat": 5.013110759532376
        },
        "r1": {
            "Km": 49.99999994626902,
            "kcat": 2.99999999908647,
            "Kp": 3.0
        }
    },
    "statistics": {
        "Akaike criteria": -1111.019464798908,
        "Chi-Squared": 1.7729738594066496e-15,
        "Bayesian info criteria": -1104.0134778905972
    }
}